Workbook
Name adcur: #REF!
Name adytd: #REF!
Name alt_report_area: #REF!
Name FiscYr4: #REF!
Name formattitles: #REF!
Name gross_margin: #REF!
Name LastYrSameDt: #REF!
Name leapyrday: #REF!
Name net_inc: #REF!
Name npld: #REF!
Name npld1: #REF!
Name npld2: #REF!
Name NvsASD: "V2013-04-30"
Name NvsAutoDrillOk: "VN"
Name NvsElapsedTime: 0.000254629630944692
Name NvsEndTime: 41403.6713078704
Name NvsInstLang: "VENG"
Name NvsInstSpec: "%"
Name NvsInstSpec1: ","
Name NvsInstSpec2: ","
Name NvsInstSpec3: ","
Name NvsInstSpec4: ","
Name NvsInstSpec5: ","
Name NvsInstSpec6: ","
Name NvsInstSpec7: ","
Name NvsInstSpec8: ","
Name NvsInstSpec9: ","
Name NvsLayoutType: "M3"
Name NvsNplSpec: "%,X,RZF..,CZF.."
Name NvsPanelBusUnit: "VUSNBU"
Name NvsPanelEffdt: "V2001-12-31"
Name NvsPanelSetid: "VSHARE"
Name NvsParentRef: "K_IS2!$$0"
Name NvsReqBU: "VFASCY"
Name NvsReqBUOnly: "VY"
Name NvsTransLed: "VN"
Name NvsTreeASD: "V2013-04-30"
Name NvsValTbl.ACCOUNT: "GL_ACCOUNT_TBL"
Name NvsValTbl.BUSINESS_UNIT: "BUS_UNIT_TBL_GL"
Name NvsValTbl.CURRENCY_CD: "CURRENCY_CD_TBL"
Name NvsValTbl.DEPTID: "DEPT_TBL"
Name NvsValTbl.DESCR: "GL_ACCT_ALL_VW"
Name NvsValTbl.STATISTICS_CODE: "STAT_TBL"
Name PeriodEndDate: #REF!
Name PeriodEndDtFmt: #REF!
Name PeriodEndDtText: #REF!
Name PeriodName: #REF!
Name PerNo: #REF!
Name PerNoText: #REF!
Name QryCollections___Excelv2: #REF!
Name report_area: #REF!
Name ScopeDesc: #REF!
Name ScopeValue: #REF!
Name total_admn: #REF!

Sheet Instructions

Sheet 5) Client Tracker
B2: 2025
A3: (* grouped together) | B3: EARNED | C3: EARNED | D3: EARNED | E3: PAYOUT | H3: EARNED | I3: EARNED | J3: EARNED | K3: PAYOUT | N3: EARNED | O3: EARNED | P3: EARNED | Q3: PAYOUT | T3: EARNED | U3: EARNED | V3: EARNED | W3: PAYOUT
B4: JAN | C4: FEB | D4: MAR | E4: Q1 Payout | F4: Date | G4: CHECK | H4: APR | I4: MAY | J4: JUN | K4: Q2 Payout | L4: Date | M4: CHECK | N4: JUL | O4: AUG | P4: SEP | Q4: Q3 Payout | R4: Date | S4: CHECK | T4: OCT | U4: NOV | V4: DEC | W4: Q4 Payout | X4: Date | Y4: CHECK
A5: ACCRUAL - Montefiore Childrens Hospital (586771)* | B5: 7904.36 | C5: 9518.52 | D5: 12491.72 | E5: -29914.6 | F5: 45758 | G5: 66303 | H5: 8521.28 | I5: 7817.88 | J5: 3689.97 | K5: -20029.13 | L5: 45845 | M5: 66531 | N5: 3123.34 | O5: 4446.63 | P5: =-N5-O5-Q5 -> 3826.26 | Q5: -11396.23 | R5: 45960 | S5: 66610 | T5: 4422.65 | U5: 4417.69 | V5: 5309.72 | W5: -14150.06 | X5: 46034 | Y5: 66668
A6: ACCRUAL - Montefiore Hospital - Einstein Campus (586659)* | B6: 13569.37 | C6: 15278.33 | D6: 18621.11 | E6: -47468.81 | F6: 45758 | G6: 66303 | H6: 13439.38 | I6: 12299.8 | J6: 6531.58 | K6: -32270.76 | L6: 45845 | M6: 66531 | N6: 5616.34 | O6: 7400.6 | P6: =-N6-O6-Q6 -> 6294 | Q6: -19310.94 | R6: 45960 | S6: 66610 | T6: 6757.24 | U6: 6846.3 | V6: 10185.63 | W6: -23789.17 | X6: 46034 | Y6: 66668
A7: ACCRUAL - Montefiore Hospital - Moses Campus (586647)* | B7: 19855.96 | C7: 21081.85 | D7: 25524.88 | E7: -66462.69 | F7: 45758 | G7: 66303 | H7: 20094.44 | I7: 25791.54 | J7: 17280.14 | K7: -63166.12 | L7: 45845 | M7: 66531 | N7: 11990.46 | O7: 17558.68 | P7: =-N7-O7-Q7 -> 15770.73 | Q7: -45319.87 | R7: 45960 | S7: 66610 | T7: 16763.72 | U7: 15317.98 | V7: 17029.04 | W7: -49110.74 | X7: 46034 | Y7: 66668
A8: ACCRUAL - Montefiore Wakefield Campus (586660)* | B8: 1881.62 | C8: 2342.04 | D8: 3507.87 | E8: -7731.53 | F8: 45758 | G8: 66303 | H8: 2360.53 | I8: 2561.92 | J8: 1842.31 | K8: -6764.76 | L8: 45845 | M8: 66531 | N8: 2034.27 | O8: 2916.14 | P8: =-N8-O8-Q8 -> 2648.8 | Q8: -7599.21 | R8: 45960 | S8: 66610 | T8: 2669.71 | U8: 2581.44 | V8: 3687.65 | W8: -8938.8 | X8: 46034 | Y8: 66668
A9: ACCRUAL - Montefiore Wakefield Ambulatory Care Center (553406)* | B9: 0 | C9: 117.65 | D9: 367.01 | E9: -484.66 | F9: 45758 | G9: 66303 | H9: 208.23 | I9: 242.93 | J9: 71.02 | K9: -522.18 | L9: 45845 | M9: 66531 | N9: 0 | O9: 527.74 | P9: =-N9-O9-Q9 -> 172.88 | Q9: -700.62 | R9: 45960 | S9: 66610 | T9: 232.04 | U9: 218.23 | V9: 180 | W9: -630.27 | X9: 46034 | Y9: 66668
A10: ACCRUAL - Montefiore Westchester (552108)* | B10: 853.62 | C10: 577.04 | D10: 838.78 | E10: -2269.44 | F10: 45758 | G10: 66303 | H10: 333.03 | I10: 339.42 | J10: 445.38 | K10: -1117.83 | L10: 45845 | M10: 66531 | N10: 245.33 | O10: 83.62 | P10: =-N10-O10-Q10 -> 0 | Q10: -328.95 | R10: 45960 | S10: 66610 | T10: 0 | U10: 0 | V10: 0 | W10: 0 | X10: 0
A11: ACCRUAL - Montefiore Mount Vernon (587114) | B11: 2109.71 | C11: 2708.92 | D11: 2513.59 | E11: -7332.22 | F11: 45758 | G11: 66304 | H11: 1693.22 | I11: 1102.59 | J11: 318.87 | K11: -3114.68 | L11: 45849 | M11: 66532 | N11: 100.69 | O11: 493.96 | P11: =-N11-O11-Q11 -> 283.94 | Q11: -878.59 | R11: 45966 | S11: 66611 | T11: 714.48 | U11: 741.67 | V11: 756.08 | W11: -2212.23 | X11: 46034 | Y11: 66669
A12: ACCRUAL - Montefiore New Rochelle (587106) | B12: 4538.34 | C12: 5054.87 | D12: 6464.23 | E12: -16057.44 | F12: 45758 | G12: 66305 | H12: 4644.56 | I12: 5135.8 | J12: 2942.69 | K12: -12723.05 | L12: 45849 | M12: 66533 | N12: 2237.75 | O12: 3507.97 | P12: =-N12-O12-Q12 -> 3257.58 | Q12: -9003.3 | R12: 45966 | S12: 66612 | T12: 3495.72 | U12: 3284.46 | V12: 1840.76 | W12: -8620.94 | X12: 46034 | Y12: 66670
A13: ACCRUAL - Montefiore Nyack Hospital (587067) | B13: 714.43 | C13: 356.56 | D13: 287.73 | E13: -1358.72 | F13: 45758 | G13: 66306 | H13: 174.85 | I13: 186.14 | J13: 0 | K13: -360.99 | L13: 45849 | M13: 66534 | N13: 0 | O13: 0 | P13: =-N13-O13-Q13 -> 0 | Q13: 0 | T13: 0 | U13: 0 | V13: 0 | W13: 0
A14: ACCRUAL - Montefiore St Lukes Cornwall Hospital - Newburgh Campus (587045) | B14: 0 | C14: 0 | D14: 0 | E14: 0 | H14: 0 | I14: 0 | J14: 0 | K14: 0 | N14: 0 | O14: 0 | P14: =-N14-O14-Q14 -> 0 | Q14: 0 | T14: 0 | U14: 0 | V14: 0 | W14: 0
A15: ACCRUAL - Montefiore Hutchinson (560608)* | B15: 1157.68 | C15: 1673.31 | D15: 2619.86 | E15: -5450.85 | F15: 45758 | G15: 66303 | H15: 1494.13 | I15: 1235.36 | J15: 360.23 | K15: -3089.72 | L15: 45845 | M15: 66531 | N15: 482.1 | O15: 208.17 | P15: =-N15-O15-Q15 -> 139.71 | Q15: -829.98 | R15: 45960 | S15: 66610 | T15: 442.44 | U15: 224.46 | V15: 345 | W15: -1011.9 | X15: 46034 | Y15: 66668
A16: ACCRUAL - Montefiore Primary Specialty Care (595423)* | B16: 263.45 | C16: 274.85 | D16: 294.45 | E16: -832.75 | F16: 45758 | G16: 66303 | H16: 290.55 | I16: 223.96 | J16: 177.01 | K16: -691.52 | L16: 45845 | M16: 66531 | N16: 138.53 | O16: 223.83 | P16: =-N16-O16-Q16 -> 25.24 | Q16: -387.6 | R16: 45960 | S16: 66610 | T16: 0 | U16: 0 | V16: 0 | W16: 0 | X16: 0 | Z16: =SUM(W5:W10,W15:W16) -> -97630.94
A17: TOTAL | B17: 52848.54 | C17: 58983.94 | D17: 73531.23 | E17: -185363.71 | H17: 53254.2 | I17: 56937.34 | J17: 33659.2 | K17: -143850.74 | N17: 25968.81 | O17: 37367.34 | P17: =SUM(P5:P16) -> 32419.14 | Q17: =SUM(Q5:Q16) -> -95755.29 | T17: =SUM(T5:T16) -> 35498 | U17: =SUM(U5:U16) -> 33632.23 | V17: =SUM(V5:V16) -> 39333.88 | W17: =SUM(W5:W16) -> -108464.11
B21: 2026
A22: (* grouped together) | B22: EARNED | C22: EARNED | D22: EARNED | E22: PAYOUT | H22: EARNED | I22: EARNED | J22: EARNED | K22: PAYOUT | N22: EARNED | O22: EARNED | P22: EARNED | Q22: PAYOUT | T22: EARNED | U22: EARNED | V22: EARNED | W22: PAYOUT
B23: JAN | C23: FEB | D23: MAR | E23: Q1 Payout | F23: Date | G23: CHECK | H23: APR | I23: MAY | J23: JUN | K23: Q2 Payout | L23: Date | M23: CHECK | N23: JUL | O23: AUG | P23: SEP | Q23: Q3 Payout | R23: Date | S23: CHECK | T23: OCT | U23: NOV | V23: DEC | W23: Q4 Payout | X23: Date | Y23: CHECK
A24: ACCRUAL - Montefiore Childrens Hospital (586771)* | B24: 3205.33
A25: ACCRUAL - Montefiore Hospital - Einstein Campus (586659)* | B25: 5779.06
A26: ACCRUAL - Montefiore Hospital - Moses Campus (586647)* | B26: 9875.93
A27: ACCRUAL - Montefiore Wakefield Campus (586660)* | B27: 2795.62
A28: ACCRUAL - Montefiore Wakefield Ambulatory Care Center (553406)* | B28: 0
A29: ACCRUAL - Montefiore Westchester (552108)* | B29: 69.23
A30: ACCRUAL - Montefiore Mount Vernon (587114) | B30: 757.37
A31: ACCRUAL - Montefiore New Rochelle (587106) | B31: 2073.03
A32: ACCRUAL - Montefiore Nyack Hospital (587067) | B32: 0
A33: ACCRUAL - Montefiore St Lukes Cornwall Hospital - Newburgh Campus (587045) | B33: 33.5
A34: ACCRUAL - Montefiore Hutchinson (560608)* | B34: 193.64
A35: ACCRUAL - Montefiore Primary Specialty Care (595423)* | B35: 0
A36: ACCRUAL - Montefiore Childrens Center - Bronx Campus (592498)* | B36: 119.75
A37: TOTAL | B37: =SUM(B24:B36) -> 24902.46

Sheet Check Request - Monte Multiples
B1: FASTAFF
B3: CHECK REQUEST
A7: Date: | B7: 45593
A9: Payable to: | B9: Montefiore | C9: WD Supplier# | D9: 1565
A10: Address: | B10: Business Services
B11: Attn: Jean Marie Cassidy
B12: 111 East 210th Street
B13: Bronx NY, 10467
B15: =SUM(C37:C43) -> #REF!
A17: Amount of Check: | B17: =SUM(B15:B16) -> #REF!
A19: Reason for Request: | B19: Monte Rebate
B20: Q3 2024 Rebate Calculation
B22: See attached.
A24: Requested By: | B24: Jorge Perez Rodriguez | C24: Date: | D24: =B7 -> 45593
A27: Approved By: | C27: Date:
A29: Approved By: | C29: Date:
A32: Account # | B32: 2005
A33: Dept# | B33: CC-90000
A34: Spend Category | B34: Montefiore Rebates
A36: Client Name | B36: Project# | C36: Amount
A37: Monte Childrens Hospital | B37: 586771 | C37: =#REF! -> #REF!
A38: Monte Einstein | B38: 586659 | C38: =#REF! -> #REF!
A39: Monte Moses | B39: 586647 | C39: =#REF! -> #REF!
A40: Monte Hutchinson | B40: 560608 | C40: =#REF! -> #REF!
A41: Monte Wakefield | B41: 586660 | C41: =#REF! -> #REF!
A42: Monte Westchester | B42: 552108 | C42: =#REF! -> #REF!
A43: Monte Primary Specialty | B43: 595423 | C43: =#REF! -> #REF!

Sheet Check Request - Mt Vernon
B1: FASTAFF
B3: CHECK REQUEST
A7: Date: | B7: ='Check Request - Monte Multiples'!B7 -> 45593
A9: Payable to: | B9: Montefiore Mount Vernon | C9: ='Check Request - Monte Multiples'!C9 -> WD Supplier# | D9: 1592
A10: Address: | B10: Business Services
B11: Attn: Jean Marie Cassidy
B12: 111 East 210th Street
B13: Bronx NY, 10467
A15: Amount of Check: | B15: =#REF! -> #REF!
A17: Reason for Request: | B17: Monte Rebate
B18: ='Check Request - Monte Multiples'!B20 -> Q3 2024 Rebate Calculation
B19: See attached.
A21: Requested By: | B21: ='Check Request - Monte Multiples'!B24 -> Jorge Perez Rodriguez | C21: Date: | D21: =B7 -> 45593
A24: Approved By: | C24: Date:
A26: Approved By: | C26: Date:
A29: Account # | B29: 2005
A30: Dept# | B30: CC-90000
A31: Spend Category | B31: ='Check Request - Monte Multiples'!B34 -> Montefiore Rebates
A32: Project# | B32: 587114

Sheet Check Request - New Rochelle.
B1: FASTAFF
B3: CHECK REQUEST
A7: Date: | B7: ='Check Request - Monte Multiples'!B7 -> 45593
A9: Payable to: | B9: Montefiore New Rochelle | C9: ='Check Request - Mt Vernon'!C9 -> WD Supplier# | D9: 1593
A10: Address: | B10: Business Services
B11: Attn: Jean Marie Cassidy
B12: 111 East 210th Street
B13: Bronx NY, 10467
A15: Amount of Check: | B15: =#REF! -> #REF!
A17: Reason for Request: | B17: Monte Rebate
B18: ='Check Request - Monte Multiples'!B20 -> Q3 2024 Rebate Calculation
B19: See attached.
A21: Requested By: | B21: ='Check Request - Monte Multiples'!B24 -> Jorge Perez Rodriguez | C21: Date: | D21: =B7 -> 45593
A24: Approved By: | C24: Date:
A26: Approved By: | C26: Date:
A29: Account # | B29: 2005
A30: Dept# | B30: CC-90000
A31: Spend Category | B31: ='Check Request - Monte Multiples'!B34 -> Montefiore Rebates
A32: Project# | B32: 587106

Sheet Check Request - Nyack
B1: FASTAFF
B3: CHECK REQUEST
A7: Date: | B7: ='Check Request - Monte Multiples'!B7 -> 45593
A9: Payable to: | B9: Montefiore Nyack Hospital | C9: ='Check Request - New Rochelle.'!C9 -> WD Supplier# | D9: 2399
A10: Address: | B10: Business Services
B11: 160 N Midland Ave
B12: Nyack, New York 10960
A15: Amount of Check: | B15: =#REF! -> #REF!
A17: Reason for Request: | B17: Monte Rebate
B18: ='Check Request - Monte Multiples'!B20 -> Q3 2024 Rebate Calculation
B19: See attached.
A21: Requested By: | B21: ='Check Request - Monte Multiples'!B24 -> Jorge Perez Rodriguez | C21: Date: | D21: =B7 -> 45593
A24: Approved By: | C24: Date:
A26: Approved By: | C26: Date:
A29: Account # | B29: 2005
A30: Dept# | B30: CC-90000
A31: Spend Category | B31: ='Check Request - Monte Multiples'!B34 -> Montefiore Rebates
A32: Project# | B32: 587067

Sheet Check Request - St. Lukes
B1: FASTAFF
B3: CHECK REQUEST
A7: Date: | B7: ='Check Request - Monte Multiples'!B7 -> 45593
A9: Payable to: | B9: Montefiore - St. Luke's Cornwall | C9: ='Check Request - Monte Multiples'!C9 -> WD Supplier# | D9: 1634
A10: Address: | B10: Business Services
B11: Attn: Jean Marie Cassidy
B12: 111 East 210th Street
B13: Bronx NY, 10467
B16: =#REF! -> #REF!
A18: Amount of Check: | B18: =SUM(B16:B17) -> #REF!
A20: Reason for Request: | B20: Monte Rebate
B21: ='Check Request - Monte Multiples'!B20 -> Q3 2024 Rebate Calculation
B23: See attached.
A25: Requested By: | B25: ='Check Request - Monte Multiples'!B24 -> Jorge Perez Rodriguez | C25: Date: | D25: =B7 -> 45593
A28: Approved By: | C28: Date:
A30: Approved By: | C30: Date:
A33: Account # | B33: 2005
A34: Dept# | B34: CC-90000
A35: Spend Category | B35: Montefiore Rebates
A36: Project# | B36: 587045

Sheet Check Request - Westchester
B1: FASTAFF
B3: CHECK REQUEST
A7: Date: | B7: =#REF! -> #REF!
A9: Payable to: | B9: Montefiore - Westchester | C9: Vendor # | D9: 18767
A10: Address: | B10: Business Services
B11: Attn: Jean Marie Cassidy (3341 Steuben Ave)
B12: 111 East 210th Street
B13: Bronx NY, 10467
A15: Amount of Check: | B15: =#REF! -> #REF!
A17: Reason for Request: | B17: Monte Rebate
B18: =#REF! -> #REF!
B19: See attached.
A21: Requested By: | B21: =#REF! -> #REF! | C21: Date: | D21: =#REF! -> #REF!
A24: Approved By: | C24: Date:
A26: Approved By: | C26: Date:
A29: Account # | B29: 220095
A30: Department #
A31: Op Unit # | B31: 414324

Sheet Check Request - Moses
B1: FASTAFF
B3: CHECK REQUEST
A7: Date: | B7: =#REF! -> #REF!
A9: Payable to: | B9: Montefiore - Moses | C9: Vendor # | D9: 18767
A10: Address: | B10: Business Services
B11: Attn: Jean Marie Cassidy (3341 Steuben Ave)
B12: 111 East 210th Street
B13: Bronx NY, 10467
A15: Amount of Check: | B15: =#REF! -> #REF!
A17: Reason for Request: | B17: Monte Rebate
B18: =#REF! -> #REF!
B19: See attached.
A21: Requested By: | B21: =#REF! -> #REF! | C21: Date: | D21: =#REF! -> #REF!
A24: Approved By: | C24: Date:
A26: Approved By: | C26: Date:
A29: Account # | B29: 220095
A30: Department #
A31: Op Unit # | B31: 414321

Sheet Check Request - Einstein
B1: FASTAFF
B3: CHECK REQUEST
A7: Date: | B7: =#REF! -> #REF!
A9: Payable to: | B9: Montefiore - Einstein | C9: Vendor # | D9: 18767
A10: Address: | B10: Business Services
B11: Attn: Jean Marie Cassidy (3341 Steuben Ave)
B12: 111 East 210th Street
B13: Bronx NY, 10467
A15: Amount of Check: | B15: =#REF! -> #REF!
A17: Reason for Request: | B17: Monte Rebate
B18: =#REF! -> #REF!
B19: See attached.
A21: Requested By: | B21: =#REF! -> #REF! | C21: Date: | D21: =#REF! -> #REF!
A24: Approved By: | C24: Date:
A26: Approved By: | C26: Date:
A29: Account # | B29: 220095
A30: Department #
A31: Op Unit # | B31: 414323
